Music Name,Recommended Song 1,Similarity 1,Recommended Song 2,Similarity 2
1,830,0.9928610678769114,1254,0.9867306950886773
2,1558,0.9887390800059077,5676,0.9828103433234112
